sequence_name	accession	length	prot_count	title	status	taxid	organism
scaffold-1	JRIV01000001.1	108817	0	Saccharomyces cerevisiae strain CEN.PK2-1Ca scaffold-1, whole genome shotgun sequence	Live	4932	Saccharomyces cerevisiae
scaffold-2	JRIV01000002.1	24625	0	Saccharomyces cerevisiae strain CEN.PK2-1Ca scaffold-2, whole genome shotgun sequence	Live	4932	Saccharomyces cerevisiae
scaffold-3	JRIV01000003.1	2385	0	Saccharomyces cerevisiae strain CEN.PK2-1Ca scaffold-3, whole genome shotgun sequence	Live	4932	Saccharomyces cerevisiae
scaffold-5	JRIV01000004.1	79213	0	Saccharomyces cerevisiae strain CEN.PK2-1Ca scaffold-5, whole genome shotgun sequence	Live	4932	Saccharomyces cerevisiae
scaffold-6	JRIV01000005.1	242842	0	Saccharomyces cerevisiae strain CEN.PK2-1Ca scaffold-6, whole genome shotgun sequence	Live	4932	Saccharomyces cerevisiae
scaffold-7	JRIV01000006.1	36403	0	Saccharomyces cerevisiae strain CEN.PK2-1Ca scaffold-7, whole genome shotgun sequence	Live	4932	Saccharomyces cerevisiae
scaffold-8	JRIV01000007.1	77519	0	Saccharomyces cerevisiae strain CEN.PK2-1Ca scaffold-8, whole genome shotgun sequence	Live	4932	Saccharomyces cerevisiae
scaffold-9	JRIV01000008.1	79886	0	Saccharomyces cerevisiae strain CEN.PK2-1Ca scaffold-9, whole genome shotgun sequence	Live	4932	Saccharomyces cerevisiae
scaffold-10	JRIV01000009.1	9292	0	Saccharomyces cerevisiae strain CEN.PK2-1Ca scaffold-10, whole genome shotgun sequence	Live	4932	Saccharomyces cerevisiae
scaffold-11	JRIV01000010.1	22100	0	Saccharomyces cerevisiae strain CEN.PK2-1Ca scaffold-11, whole genome shotgun sequence	Live	4932	Saccharomyces cerevisiae
scaffold-12	JRIV01000011.1	262587	0	Saccharomyces cerevisiae strain CEN.PK2-1Ca scaffold-12, whole genome shotgun sequence	Live	4932	Saccharomyces cerevisiae
scaffold-13	JRIV01000012.1	5046	0	Saccharomyces cerevisiae strain CEN.PK2-1Ca scaffold-13, whole genome shotgun sequence	Live	4932	Saccharomyces cerevisiae
scaffold-15	JRIV01000013.1	40943	0	Saccharomyces cerevisiae strain CEN.PK2-1Ca scaffold-15, whole genome shotgun sequence	Live	4932	Saccharomyces cerevisiae
scaffold-17	JRIV01000014.1	6671	0	Saccharomyces cerevisiae strain CEN.PK2-1Ca scaffold-17, whole genome shotgun sequence	Live	4932	Saccharomyces cerevisiae
scaffold-18	JRIV01000015.1	20338	0	Saccharomyces cerevisiae strain CEN.PK2-1Ca scaffold-18, whole genome shotgun sequence	Live	4932	Saccharomyces cerevisiae
scaffold-20	JRIV01000016.1	28812	0	Saccharomyces cerevisiae strain CEN.PK2-1Ca scaffold-20, whole genome shotgun sequence	Live	4932	Saccharomyces cerevisiae
scaffold-21	JRIV01000017.1	150739	0	Saccharomyces cerevisiae strain CEN.PK2-1Ca scaffold-21, whole genome shotgun sequence	Live	4932	Saccharomyces cerevisiae
scaffold-22	JRIV01000018.1	948	0	Saccharomyces cerevisiae strain CEN.PK2-1Ca scaffold-22, whole genome shotgun sequence	Live	4932	Saccharomyces cerevisiae
scaffold-23	JRIV01000019.1	114845	0	Saccharomyces cerevisiae strain CEN.PK2-1Ca scaffold-23, whole genome shotgun sequence	Live	4932	Saccharomyces cerevisiae
scaffold-25	JRIV01000020.1	1753	0	Saccharomyces cerevisiae strain CEN.PK2-1Ca scaffold-25, whole genome shotgun sequence	Live	4932	Saccharomyces cerevisiae
scaffold-27	JRIV01000021.1	414	0	Saccharomyces cerevisiae strain CEN.PK2-1Ca scaffold-27, whole genome shotgun sequence	Live	4932	Saccharomyces cerevisiae
scaffold-28	JRIV01000022.1	12818	0	Saccharomyces cerevisiae strain CEN.PK2-1Ca scaffold-28, whole genome shotgun sequence	Live	4932	Saccharomyces cerevisiae
scaffold-30	JRIV01000023.1	124449	0	Saccharomyces cerevisiae strain CEN.PK2-1Ca scaffold-30, whole genome shotgun sequence	Live	4932	Saccharomyces cerevisiae
scaffold-34	JRIV01000024.1	19141	0	Saccharomyces cerevisiae strain CEN.PK2-1Ca scaffold-34, whole genome shotgun sequence	Live	4932	Saccharomyces cerevisiae
scaffold-35	JRIV01000025.1	115163	0	Saccharomyces cerevisiae strain CEN.PK2-1Ca scaffold-35, whole genome shotgun sequence	Live	4932	Saccharomyces cerevisiae
scaffold-36	JRIV01000026.1	7726	0	Saccharomyces cerevisiae strain CEN.PK2-1Ca scaffold-36, whole genome shotgun sequence	Live	4932	Saccharomyces cerevisiae
scaffold-37	JRIV01000027.1	303630	0	Saccharomyces cerevisiae strain CEN.PK2-1Ca scaffold-37, whole genome shotgun sequence	Live	4932	Saccharomyces cerevisiae
scaffold-38	JRIV01000028.1	68335	0	Saccharomyces cerevisiae strain CEN.PK2-1Ca scaffold-38, whole genome shotgun sequence	Live	4932	Saccharomyces cerevisiae
scaffold-39	JRIV01000029.1	1110	0	Saccharomyces cerevisiae strain CEN.PK2-1Ca scaffold-39, whole genome shotgun sequence	Live	4932	Saccharomyces cerevisiae
scaffold-40	JRIV01000030.1	265166	0	Saccharomyces cerevisiae strain CEN.PK2-1Ca scaffold-40, whole genome shotgun sequence	Live	4932	Saccharomyces cerevisiae
scaffold-41	JRIV01000031.1	14962	0	Saccharomyces cerevisiae strain CEN.PK2-1Ca scaffold-41, whole genome shotgun sequence	Live	4932	Saccharomyces cerevisiae
scaffold-42	JRIV01000032.1	10012	0	Saccharomyces cerevisiae strain CEN.PK2-1Ca scaffold-42, whole genome shotgun sequence	Live	4932	Saccharomyces cerevisiae
scaffold-43	JRIV01000033.1	99479	0	Saccharomyces cerevisiae strain CEN.PK2-1Ca scaffold-43, whole genome shotgun sequence	Live	4932	Saccharomyces cerevisiae
scaffold-44	JRIV01000034.1	49551	0	Saccharomyces cerevisiae strain CEN.PK2-1Ca scaffold-44, whole genome shotgun sequence	Live	4932	Saccharomyces cerevisiae
scaffold-45	JRIV01000035.1	22145	0	Saccharomyces cerevisiae strain CEN.PK2-1Ca scaffold-45, whole genome shotgun sequence	Live	4932	Saccharomyces cerevisiae
scaffold-46	JRIV01000036.1	14475	0	Saccharomyces cerevisiae strain CEN.PK2-1Ca scaffold-46, whole genome shotgun sequence	Live	4932	Saccharomyces cerevisiae
scaffold-48	JRIV01000037.1	2149	0	Saccharomyces cerevisiae strain CEN.PK2-1Ca scaffold-48, whole genome shotgun sequence	Live	4932	Saccharomyces cerevisiae
scaffold-49	JRIV01000038.1	27908	0	Saccharomyces cerevisiae strain CEN.PK2-1Ca scaffold-49, whole genome shotgun sequence	Live	4932	Saccharomyces cerevisiae
scaffold-50	JRIV01000039.1	38174	0	Saccharomyces cerevisiae strain CEN.PK2-1Ca scaffold-50, whole genome shotgun sequence	Live	4932	Saccharomyces cerevisiae
scaffold-53	JRIV01000040.1	460	0	Saccharomyces cerevisiae strain CEN.PK2-1Ca scaffold-53, whole genome shotgun sequence	Live	4932	Saccharomyces cerevisiae
scaffold-54	JRIV01000041.1	41816	0	Saccharomyces cerevisiae strain CEN.PK2-1Ca scaffold-54, whole genome shotgun sequence	Live	4932	Saccharomyces cerevisiae
scaffold-55	JRIV01000042.1	30449	0	Saccharomyces cerevisiae strain CEN.PK2-1Ca scaffold-55, whole genome shotgun sequence	Live	4932	Saccharomyces cerevisiae
scaffold-57	JRIV01000043.1	31080	0	Saccharomyces cerevisiae strain CEN.PK2-1Ca scaffold-57, whole genome shotgun sequence	Live	4932	Saccharomyces cerevisiae
scaffold-58	JRIV01000044.1	183822	0	Saccharomyces cerevisiae strain CEN.PK2-1Ca scaffold-58, whole genome shotgun sequence	Live	4932	Saccharomyces cerevisiae
scaffold-59	JRIV01000045.1	211	0	Saccharomyces cerevisiae strain CEN.PK2-1Ca scaffold-59, whole genome shotgun sequence	Live	4932	Saccharomyces cerevisiae
scaffold-60	JRIV01000046.1	1408	0	Saccharomyces cerevisiae strain CEN.PK2-1Ca scaffold-60, whole genome shotgun sequence	Live	4932	Saccharomyces cerevisiae
scaffold-61	JRIV01000047.1	186096	0	Saccharomyces cerevisiae strain CEN.PK2-1Ca scaffold-61, whole genome shotgun sequence	Live	4932	Saccharomyces cerevisiae
scaffold-65	JRIV01000048.1	12658	0	Saccharomyces cerevisiae strain CEN.PK2-1Ca scaffold-65, whole genome shotgun sequence	Live	4932	Saccharomyces cerevisiae
scaffold-66	JRIV01000049.1	26765	0	Saccharomyces cerevisiae strain CEN.PK2-1Ca scaffold-66, whole genome shotgun sequence	Live	4932	Saccharomyces cerevisiae
scaffold-67	JRIV01000050.1	56953	0	Saccharomyces cerevisiae strain CEN.PK2-1Ca scaffold-67, whole genome shotgun sequence	Live	4932	Saccharomyces cerevisiae
scaffold-68	JRIV01000051.1	10606	0	Saccharomyces cerevisiae strain CEN.PK2-1Ca scaffold-68, whole genome shotgun sequence	Live	4932	Saccharomyces cerevisiae
scaffold-69	JRIV01000052.1	328722	0	Saccharomyces cerevisiae strain CEN.PK2-1Ca scaffold-69, whole genome shotgun sequence	Live	4932	Saccharomyces cerevisiae
scaffold-70	JRIV01000053.1	337	0	Saccharomyces cerevisiae strain CEN.PK2-1Ca scaffold-70, whole genome shotgun sequence	Live	4932	Saccharomyces cerevisiae
scaffold-71	JRIV01000054.1	109047	0	Saccharomyces cerevisiae strain CEN.PK2-1Ca scaffold-71, whole genome shotgun sequence	Live	4932	Saccharomyces cerevisiae
scaffold-73	JRIV01000055.1	267951	0	Saccharomyces cerevisiae strain CEN.PK2-1Ca scaffold-73, whole genome shotgun sequence	Live	4932	Saccharomyces cerevisiae
scaffold-74	JRIV01000056.1	332	0	Saccharomyces cerevisiae strain CEN.PK2-1Ca scaffold-74, whole genome shotgun sequence	Live	4932	Saccharomyces cerevisiae
scaffold-75	JRIV01000057.1	8654	0	Saccharomyces cerevisiae strain CEN.PK2-1Ca scaffold-75, whole genome shotgun sequence	Live	4932	Saccharomyces cerevisiae
scaffold-76	JRIV01000058.1	70707	0	Saccharomyces cerevisiae strain CEN.PK2-1Ca scaffold-76, whole genome shotgun sequence	Live	4932	Saccharomyces cerevisiae
scaffold-77	JRIV01000059.1	30568	0	Saccharomyces cerevisiae strain CEN.PK2-1Ca scaffold-77, whole genome shotgun sequence	Live	4932	Saccharomyces cerevisiae
scaffold-78	JRIV01000060.1	10417	0	Saccharomyces cerevisiae strain CEN.PK2-1Ca scaffold-78, whole genome shotgun sequence	Live	4932	Saccharomyces cerevisiae
scaffold-79	JRIV01000061.1	150868	0	Saccharomyces cerevisiae strain CEN.PK2-1Ca scaffold-79, whole genome shotgun sequence	Live	4932	Saccharomyces cerevisiae
scaffold-80	JRIV01000062.1	1767	0	Saccharomyces cerevisiae strain CEN.PK2-1Ca scaffold-80, whole genome shotgun sequence	Live	4932	Saccharomyces cerevisiae
scaffold-83	JRIV01000063.1	52664	0	Saccharomyces cerevisiae strain CEN.PK2-1Ca scaffold-83, whole genome shotgun sequence	Live	4932	Saccharomyces cerevisiae
scaffold-85	JRIV01000064.1	132663	0	Saccharomyces cerevisiae strain CEN.PK2-1Ca scaffold-85, whole genome shotgun sequence	Live	4932	Saccharomyces cerevisiae
scaffold-87	JRIV01000065.1	4039	0	Saccharomyces cerevisiae strain CEN.PK2-1Ca scaffold-87, whole genome shotgun sequence	Live	4932	Saccharomyces cerevisiae
scaffold-88	JRIV01000066.1	257	0	Saccharomyces cerevisiae strain CEN.PK2-1Ca scaffold-88, whole genome shotgun sequence	Live	4932	Saccharomyces cerevisiae
scaffold-89	JRIV01000067.1	14975	0	Saccharomyces cerevisiae strain CEN.PK2-1Ca scaffold-89, whole genome shotgun sequence	Live	4932	Saccharomyces cerevisiae
scaffold-90	JRIV01000068.1	935	0	Saccharomyces cerevisiae strain CEN.PK2-1Ca scaffold-90, whole genome shotgun sequence	Live	4932	Saccharomyces cerevisiae
scaffold-91	JRIV01000069.1	324	0	Saccharomyces cerevisiae strain CEN.PK2-1Ca scaffold-91, whole genome shotgun sequence	Live	4932	Saccharomyces cerevisiae
scaffold-93	JRIV01000070.1	41452	0	Saccharomyces cerevisiae strain CEN.PK2-1Ca scaffold-93, whole genome shotgun sequence	Live	4932	Saccharomyces cerevisiae
scaffold-94	JRIV01000071.1	5079	0	Saccharomyces cerevisiae strain CEN.PK2-1Ca scaffold-94, whole genome shotgun sequence	Live	4932	Saccharomyces cerevisiae
scaffold-95	JRIV01000072.1	22990	0	Saccharomyces cerevisiae strain CEN.PK2-1Ca scaffold-95, whole genome shotgun sequence	Live	4932	Saccharomyces cerevisiae
scaffold-96	JRIV01000073.1	350	0	Saccharomyces cerevisiae strain CEN.PK2-1Ca scaffold-96, whole genome shotgun sequence	Live	4932	Saccharomyces cerevisiae
scaffold-97	JRIV01000074.1	334215	0	Saccharomyces cerevisiae strain CEN.PK2-1Ca scaffold-97, whole genome shotgun sequence	Live	4932	Saccharomyces cerevisiae
scaffold-98	JRIV01000075.1	20212	0	Saccharomyces cerevisiae strain CEN.PK2-1Ca scaffold-98, whole genome shotgun sequence	Live	4932	Saccharomyces cerevisiae
scaffold-100	JRIV01000076.1	4096	0	Saccharomyces cerevisiae strain CEN.PK2-1Ca scaffold-100, whole genome shotgun sequence	Live	4932	Saccharomyces cerevisiae
scaffold-101	JRIV01000077.1	34840	0	Saccharomyces cerevisiae strain CEN.PK2-1Ca scaffold-101, whole genome shotgun sequence	Live	4932	Saccharomyces cerevisiae
scaffold-102	JRIV01000078.1	57036	0	Saccharomyces cerevisiae strain CEN.PK2-1Ca scaffold-102, whole genome shotgun sequence	Live	4932	Saccharomyces cerevisiae
scaffold-103	JRIV01000079.1	440	0	Saccharomyces cerevisiae strain CEN.PK2-1Ca scaffold-103, whole genome shotgun sequence	Live	4932	Saccharomyces cerevisiae
scaffold-104	JRIV01000080.1	168379	0	Saccharomyces cerevisiae strain CEN.PK2-1Ca scaffold-104, whole genome shotgun sequence	Live	4932	Saccharomyces cerevisiae
scaffold-105	JRIV01000081.1	26556	0	Saccharomyces cerevisiae strain CEN.PK2-1Ca scaffold-105, whole genome shotgun sequence	Live	4932	Saccharomyces cerevisiae
scaffold-106	JRIV01000082.1	63225	0	Saccharomyces cerevisiae strain CEN.PK2-1Ca scaffold-106, whole genome shotgun sequence	Live	4932	Saccharomyces cerevisiae
scaffold-108	JRIV01000083.1	955	0	Saccharomyces cerevisiae strain CEN.PK2-1Ca scaffold-108, whole genome shotgun sequence	Live	4932	Saccharomyces cerevisiae
scaffold-109	JRIV01000084.1	15971	0	Saccharomyces cerevisiae strain CEN.PK2-1Ca scaffold-109, whole genome shotgun sequence	Live	4932	Saccharomyces cerevisiae
scaffold-111	JRIV01000085.1	130561	0	Saccharomyces cerevisiae strain CEN.PK2-1Ca scaffold-111, whole genome shotgun sequence	Live	4932	Saccharomyces cerevisiae
scaffold-112	JRIV01000086.1	212	0	Saccharomyces cerevisiae strain CEN.PK2-1Ca scaffold-112, whole genome shotgun sequence	Live	4932	Saccharomyces cerevisiae
scaffold-113	JRIV01000087.1	17054	0	Saccharomyces cerevisiae strain CEN.PK2-1Ca scaffold-113, whole genome shotgun sequence	Live	4932	Saccharomyces cerevisiae
scaffold-114	JRIV01000088.1	77786	0	Saccharomyces cerevisiae strain CEN.PK2-1Ca scaffold-114, whole genome shotgun sequence	Live	4932	Saccharomyces cerevisiae
scaffold-115	JRIV01000089.1	29129	0	Saccharomyces cerevisiae strain CEN.PK2-1Ca scaffold-115, whole genome shotgun sequence	Live	4932	Saccharomyces cerevisiae
scaffold-116	JRIV01000090.1	13072	0	Saccharomyces cerevisiae strain CEN.PK2-1Ca scaffold-116, whole genome shotgun sequence	Live	4932	Saccharomyces cerevisiae
scaffold-118	JRIV01000091.1	749	0	Saccharomyces cerevisiae strain CEN.PK2-1Ca scaffold-118, whole genome shotgun sequence	Live	4932	Saccharomyces cerevisiae
scaffold-119	JRIV01000092.1	1312	0	Saccharomyces cerevisiae strain CEN.PK2-1Ca scaffold-119, whole genome shotgun sequence	Live	4932	Saccharomyces cerevisiae
scaffold-121	JRIV01000093.1	23745	0	Saccharomyces cerevisiae strain CEN.PK2-1Ca scaffold-121, whole genome shotgun sequence	Live	4932	Saccharomyces cerevisiae
scaffold-123	JRIV01000094.1	40039	0	Saccharomyces cerevisiae strain CEN.PK2-1Ca scaffold-123, whole genome shotgun sequence	Live	4932	Saccharomyces cerevisiae
scaffold-125	JRIV01000095.1	1922	0	Saccharomyces cerevisiae strain CEN.PK2-1Ca scaffold-125, whole genome shotgun sequence	Live	4932	Saccharomyces cerevisiae
scaffold-126	JRIV01000096.1	2590	0	Saccharomyces cerevisiae strain CEN.PK2-1Ca scaffold-126, whole genome shotgun sequence	Live	4932	Saccharomyces cerevisiae
scaffold-127	JRIV01000097.1	265	0	Saccharomyces cerevisiae strain CEN.PK2-1Ca scaffold-127, whole genome shotgun sequence	Live	4932	Saccharomyces cerevisiae
scaffold-128	JRIV01000098.1	387	0	Saccharomyces cerevisiae strain CEN.PK2-1Ca scaffold-128, whole genome shotgun sequence	Live	4932	Saccharomyces cerevisiae
scaffold-129	JRIV01000099.1	5001	0	Saccharomyces cerevisiae strain CEN.PK2-1Ca scaffold-129, whole genome shotgun sequence	Live	4932	Saccharomyces cerevisiae
scaffold-130	JRIV01000100.1	21968	0	Saccharomyces cerevisiae strain CEN.PK2-1Ca scaffold-130, whole genome shotgun sequence	Live	4932	Saccharomyces cerevisiae
scaffold-131	JRIV01000101.1	587	0	Saccharomyces cerevisiae strain CEN.PK2-1Ca scaffold-131, whole genome shotgun sequence	Live	4932	Saccharomyces cerevisiae
scaffold-132	JRIV01000102.1	39367	0	Saccharomyces cerevisiae strain CEN.PK2-1Ca scaffold-132, whole genome shotgun sequence	Live	4932	Saccharomyces cerevisiae
scaffold-134	JRIV01000103.1	3926	0	Saccharomyces cerevisiae strain CEN.PK2-1Ca scaffold-134, whole genome shotgun sequence	Live	4932	Saccharomyces cerevisiae
scaffold-135	JRIV01000104.1	76009	0	Saccharomyces cerevisiae strain CEN.PK2-1Ca scaffold-135, whole genome shotgun sequence	Live	4932	Saccharomyces cerevisiae
scaffold-137	JRIV01000105.1	37099	0	Saccharomyces cerevisiae strain CEN.PK2-1Ca scaffold-137, whole genome shotgun sequence	Live	4932	Saccharomyces cerevisiae
scaffold-138	JRIV01000106.1	6763	0	Saccharomyces cerevisiae strain CEN.PK2-1Ca scaffold-138, whole genome shotgun sequence	Live	4932	Saccharomyces cerevisiae
scaffold-139	JRIV01000107.1	40486	0	Saccharomyces cerevisiae strain CEN.PK2-1Ca scaffold-139, whole genome shotgun sequence	Live	4932	Saccharomyces cerevisiae
scaffold-142	JRIV01000108.1	104237	0	Saccharomyces cerevisiae strain CEN.PK2-1Ca scaffold-142, whole genome shotgun sequence	Live	4932	Saccharomyces cerevisiae
scaffold-143	JRIV01000109.1	1845	0	Saccharomyces cerevisiae strain CEN.PK2-1Ca scaffold-143, whole genome shotgun sequence	Live	4932	Saccharomyces cerevisiae
scaffold-144	JRIV01000110.1	248	0	Saccharomyces cerevisiae strain CEN.PK2-1Ca scaffold-144, whole genome shotgun sequence	Live	4932	Saccharomyces cerevisiae
scaffold-145	JRIV01000111.1	53139	0	Saccharomyces cerevisiae strain CEN.PK2-1Ca scaffold-145, whole genome shotgun sequence	Live	4932	Saccharomyces cerevisiae
scaffold-148	JRIV01000112.1	93065	0	Saccharomyces cerevisiae strain CEN.PK2-1Ca scaffold-148, whole genome shotgun sequence	Live	4932	Saccharomyces cerevisiae
scaffold-149	JRIV01000113.1	61703	0	Saccharomyces cerevisiae strain CEN.PK2-1Ca scaffold-149, whole genome shotgun sequence	Live	4932	Saccharomyces cerevisiae
scaffold-150	JRIV01000114.1	39683	0	Saccharomyces cerevisiae strain CEN.PK2-1Ca scaffold-150, whole genome shotgun sequence	Live	4932	Saccharomyces cerevisiae
scaffold-151	JRIV01000115.1	1329	0	Saccharomyces cerevisiae strain CEN.PK2-1Ca scaffold-151, whole genome shotgun sequence	Live	4932	Saccharomyces cerevisiae
scaffold-152	JRIV01000116.1	90600	0	Saccharomyces cerevisiae strain CEN.PK2-1Ca scaffold-152, whole genome shotgun sequence	Live	4932	Saccharomyces cerevisiae
scaffold-153	JRIV01000117.1	64934	0	Saccharomyces cerevisiae strain CEN.PK2-1Ca scaffold-153, whole genome shotgun sequence	Live	4932	Saccharomyces cerevisiae
scaffold-154	JRIV01000118.1	70817	0	Saccharomyces cerevisiae strain CEN.PK2-1Ca scaffold-154, whole genome shotgun sequence	Live	4932	Saccharomyces cerevisiae
scaffold-157	JRIV01000119.1	98514	0	Saccharomyces cerevisiae strain CEN.PK2-1Ca scaffold-157, whole genome shotgun sequence	Live	4932	Saccharomyces cerevisiae
scaffold-158	JRIV01000120.1	42855	0	Saccharomyces cerevisiae strain CEN.PK2-1Ca scaffold-158, whole genome shotgun sequence	Live	4932	Saccharomyces cerevisiae
scaffold-159	JRIV01000121.1	93589	0	Saccharomyces cerevisiae strain CEN.PK2-1Ca scaffold-159, whole genome shotgun sequence	Live	4932	Saccharomyces cerevisiae
scaffold-163	JRIV01000122.1	3663	0	Saccharomyces cerevisiae strain CEN.PK2-1Ca scaffold-163, whole genome shotgun sequence	Live	4932	Saccharomyces cerevisiae
scaffold-165	JRIV01000123.1	7307	0	Saccharomyces cerevisiae strain CEN.PK2-1Ca scaffold-165, whole genome shotgun sequence	Live	4932	Saccharomyces cerevisiae
scaffold-166	JRIV01000124.1	6018	0	Saccharomyces cerevisiae strain CEN.PK2-1Ca scaffold-166, whole genome shotgun sequence	Live	4932	Saccharomyces cerevisiae
scaffold-167	JRIV01000125.1	271867	0	Saccharomyces cerevisiae strain CEN.PK2-1Ca scaffold-167, whole genome shotgun sequence	Live	4932	Saccharomyces cerevisiae
scaffold-168	JRIV01000126.1	21161	0	Saccharomyces cerevisiae strain CEN.PK2-1Ca scaffold-168, whole genome shotgun sequence	Live	4932	Saccharomyces cerevisiae
scaffold-169	JRIV01000127.1	79454	0	Saccharomyces cerevisiae strain CEN.PK2-1Ca scaffold-169, whole genome shotgun sequence	Live	4932	Saccharomyces cerevisiae
scaffold-170	JRIV01000128.1	86864	0	Saccharomyces cerevisiae strain CEN.PK2-1Ca scaffold-170, whole genome shotgun sequence	Live	4932	Saccharomyces cerevisiae
scaffold-171	JRIV01000129.1	2412	0	Saccharomyces cerevisiae strain CEN.PK2-1Ca scaffold-171, whole genome shotgun sequence	Live	4932	Saccharomyces cerevisiae
scaffold-174	JRIV01000130.1	1930	0	Saccharomyces cerevisiae strain CEN.PK2-1Ca scaffold-174, whole genome shotgun sequence	Live	4932	Saccharomyces cerevisiae
scaffold-176	JRIV01000131.1	66456	0	Saccharomyces cerevisiae strain CEN.PK2-1Ca scaffold-176, whole genome shotgun sequence	Live	4932	Saccharomyces cerevisiae
scaffold-177	JRIV01000132.1	267	0	Saccharomyces cerevisiae strain CEN.PK2-1Ca scaffold-177, whole genome shotgun sequence	Live	4932	Saccharomyces cerevisiae
scaffold-178	JRIV01000133.1	89900	0	Saccharomyces cerevisiae strain CEN.PK2-1Ca scaffold-178, whole genome shotgun sequence	Live	4932	Saccharomyces cerevisiae
scaffold-179	JRIV01000134.1	164059	0	Saccharomyces cerevisiae strain CEN.PK2-1Ca scaffold-179, whole genome shotgun sequence	Live	4932	Saccharomyces cerevisiae
scaffold-180	JRIV01000135.1	103374	0	Saccharomyces cerevisiae strain CEN.PK2-1Ca scaffold-180, whole genome shotgun sequence	Live	4932	Saccharomyces cerevisiae
scaffold-182	JRIV01000136.1	384	0	Saccharomyces cerevisiae strain CEN.PK2-1Ca scaffold-182, whole genome shotgun sequence	Live	4932	Saccharomyces cerevisiae
scaffold-183	JRIV01000137.1	71968	0	Saccharomyces cerevisiae strain CEN.PK2-1Ca scaffold-183, whole genome shotgun sequence	Live	4932	Saccharomyces cerevisiae
scaffold-184	JRIV01000138.1	26660	0	Saccharomyces cerevisiae strain CEN.PK2-1Ca scaffold-184, whole genome shotgun sequence	Live	4932	Saccharomyces cerevisiae
scaffold-186	JRIV01000139.1	489	0	Saccharomyces cerevisiae strain CEN.PK2-1Ca scaffold-186, whole genome shotgun sequence	Live	4932	Saccharomyces cerevisiae
scaffold-187	JRIV01000140.1	203	0	Saccharomyces cerevisiae strain CEN.PK2-1Ca scaffold-187, whole genome shotgun sequence	Live	4932	Saccharomyces cerevisiae
scaffold-188	JRIV01000141.1	8542	0	Saccharomyces cerevisiae strain CEN.PK2-1Ca scaffold-188, whole genome shotgun sequence	Live	4932	Saccharomyces cerevisiae
scaffold-189	JRIV01000142.1	69633	0	Saccharomyces cerevisiae strain CEN.PK2-1Ca scaffold-189, whole genome shotgun sequence	Live	4932	Saccharomyces cerevisiae
scaffold-190	JRIV01000143.1	3751	0	Saccharomyces cerevisiae strain CEN.PK2-1Ca scaffold-190, whole genome shotgun sequence	Live	4932	Saccharomyces cerevisiae
scaffold-191	JRIV01000144.1	150631	0	Saccharomyces cerevisiae strain CEN.PK2-1Ca scaffold-191, whole genome shotgun sequence	Live	4932	Saccharomyces cerevisiae
scaffold-193	JRIV01000145.1	20390	0	Saccharomyces cerevisiae strain CEN.PK2-1Ca scaffold-193, whole genome shotgun sequence	Live	4932	Saccharomyces cerevisiae
scaffold-194	JRIV01000146.1	2578	0	Saccharomyces cerevisiae strain CEN.PK2-1Ca scaffold-194, whole genome shotgun sequence	Live	4932	Saccharomyces cerevisiae
scaffold-195	JRIV01000147.1	3098	0	Saccharomyces cerevisiae strain CEN.PK2-1Ca scaffold-195, whole genome shotgun sequence	Live	4932	Saccharomyces cerevisiae
scaffold-196	JRIV01000148.1	1267	0	Saccharomyces cerevisiae strain CEN.PK2-1Ca scaffold-196, whole genome shotgun sequence	Live	4932	Saccharomyces cerevisiae
scaffold-197	JRIV01000149.1	117501	0	Saccharomyces cerevisiae strain CEN.PK2-1Ca scaffold-197, whole genome shotgun sequence	Live	4932	Saccharomyces cerevisiae
scaffold-198	JRIV01000150.1	139921	0	Saccharomyces cerevisiae strain CEN.PK2-1Ca scaffold-198, whole genome shotgun sequence	Live	4932	Saccharomyces cerevisiae
scaffold-199	JRIV01000151.1	9908	0	Saccharomyces cerevisiae strain CEN.PK2-1Ca scaffold-199, whole genome shotgun sequence	Live	4932	Saccharomyces cerevisiae
scaffold-200	JRIV01000152.1	7414	0	Saccharomyces cerevisiae strain CEN.PK2-1Ca scaffold-200, whole genome shotgun sequence	Live	4932	Saccharomyces cerevisiae
scaffold-201	JRIV01000153.1	28952	0	Saccharomyces cerevisiae strain CEN.PK2-1Ca scaffold-201, whole genome shotgun sequence	Live	4932	Saccharomyces cerevisiae
scaffold-202	JRIV01000154.1	26343	0	Saccharomyces cerevisiae strain CEN.PK2-1Ca scaffold-202, whole genome shotgun sequence	Live	4932	Saccharomyces cerevisiae
scaffold-204	JRIV01000155.1	1619	0	Saccharomyces cerevisiae strain CEN.PK2-1Ca scaffold-204, whole genome shotgun sequence	Live	4932	Saccharomyces cerevisiae
scaffold-206	JRIV01000156.1	119518	0	Saccharomyces cerevisiae strain CEN.PK2-1Ca scaffold-206, whole genome shotgun sequence	Live	4932	Saccharomyces cerevisiae
scaffold-208	JRIV01000157.1	13511	0	Saccharomyces cerevisiae strain CEN.PK2-1Ca scaffold-208, whole genome shotgun sequence	Live	4932	Saccharomyces cerevisiae
scaffold-210	JRIV01000158.1	25597	0	Saccharomyces cerevisiae strain CEN.PK2-1Ca scaffold-210, whole genome shotgun sequence	Live	4932	Saccharomyces cerevisiae
scaffold-211	JRIV01000159.1	275490	0	Saccharomyces cerevisiae strain CEN.PK2-1Ca scaffold-211, whole genome shotgun sequence	Live	4932	Saccharomyces cerevisiae
scaffold-212	JRIV01000160.1	17199	0	Saccharomyces cerevisiae strain CEN.PK2-1Ca scaffold-212, whole genome shotgun sequence	Live	4932	Saccharomyces cerevisiae
scaffold-213	JRIV01000161.1	10614	0	Saccharomyces cerevisiae strain CEN.PK2-1Ca scaffold-213, whole genome shotgun sequence	Live	4932	Saccharomyces cerevisiae
scaffold-214	JRIV01000162.1	4851	0	Saccharomyces cerevisiae strain CEN.PK2-1Ca scaffold-214, whole genome shotgun sequence	Live	4932	Saccharomyces cerevisiae
scaffold-217	JRIV01000163.1	47675	0	Saccharomyces cerevisiae strain CEN.PK2-1Ca scaffold-217, whole genome shotgun sequence	Live	4932	Saccharomyces cerevisiae
scaffold-218	JRIV01000164.1	128158	0	Saccharomyces cerevisiae strain CEN.PK2-1Ca scaffold-218, whole genome shotgun sequence	Live	4932	Saccharomyces cerevisiae
scaffold-219	JRIV01000165.1	49849	0	Saccharomyces cerevisiae strain CEN.PK2-1Ca scaffold-219, whole genome shotgun sequence	Live	4932	Saccharomyces cerevisiae
scaffold-220	JRIV01000166.1	95503	0	Saccharomyces cerevisiae strain CEN.PK2-1Ca scaffold-220, whole genome shotgun sequence	Live	4932	Saccharomyces cerevisiae
scaffold-221	JRIV01000167.1	134072	0	Saccharomyces cerevisiae strain CEN.PK2-1Ca scaffold-221, whole genome shotgun sequence	Live	4932	Saccharomyces cerevisiae
scaffold-223	JRIV01000168.1	106972	0	Saccharomyces cerevisiae strain CEN.PK2-1Ca scaffold-223, whole genome shotgun sequence	Live	4932	Saccharomyces cerevisiae
scaffold-225	JRIV01000169.1	35793	0	Saccharomyces cerevisiae strain CEN.PK2-1Ca scaffold-225, whole genome shotgun sequence	Live	4932	Saccharomyces cerevisiae
scaffold-227	JRIV01000170.1	35729	0	Saccharomyces cerevisiae strain CEN.PK2-1Ca scaffold-227, whole genome shotgun sequence	Live	4932	Saccharomyces cerevisiae
scaffold-232	JRIV01000171.1	1433	0	Saccharomyces cerevisiae strain CEN.PK2-1Ca scaffold-232, whole genome shotgun sequence	Live	4932	Saccharomyces cerevisiae
scaffold-233	JRIV01000172.1	49165	0	Saccharomyces cerevisiae strain CEN.PK2-1Ca scaffold-233, whole genome shotgun sequence	Live	4932	Saccharomyces cerevisiae
scaffold-235	JRIV01000173.1	245469	0	Saccharomyces cerevisiae strain CEN.PK2-1Ca scaffold-235, whole genome shotgun sequence	Live	4932	Saccharomyces cerevisiae
scaffold-237	JRIV01000174.1	242	0	Saccharomyces cerevisiae strain CEN.PK2-1Ca scaffold-237, whole genome shotgun sequence	Live	4932	Saccharomyces cerevisiae
scaffold-238	JRIV01000175.1	246096	0	Saccharomyces cerevisiae strain CEN.PK2-1Ca scaffold-238, whole genome shotgun sequence	Live	4932	Saccharomyces cerevisiae
scaffold-240	JRIV01000176.1	85928	0	Saccharomyces cerevisiae strain CEN.PK2-1Ca scaffold-240, whole genome shotgun sequence	Live	4932	Saccharomyces cerevisiae
scaffold-241	JRIV01000177.1	3434	0	Saccharomyces cerevisiae strain CEN.PK2-1Ca scaffold-241, whole genome shotgun sequence	Live	4932	Saccharomyces cerevisiae
scaffold-242	JRIV01000178.1	14151	0	Saccharomyces cerevisiae strain CEN.PK2-1Ca scaffold-242, whole genome shotgun sequence	Live	4932	Saccharomyces cerevisiae
scaffold-243	JRIV01000179.1	44009	0	Saccharomyces cerevisiae strain CEN.PK2-1Ca scaffold-243, whole genome shotgun sequence	Live	4932	Saccharomyces cerevisiae
scaffold-246	JRIV01000180.1	93905	0	Saccharomyces cerevisiae strain CEN.PK2-1Ca scaffold-246, whole genome shotgun sequence	Live	4932	Saccharomyces cerevisiae
scaffold-248	JRIV01000181.1	4867	0	Saccharomyces cerevisiae strain CEN.PK2-1Ca scaffold-248, whole genome shotgun sequence	Live	4932	Saccharomyces cerevisiae
scaffold-249	JRIV01000182.1	1704	0	Saccharomyces cerevisiae strain CEN.PK2-1Ca scaffold-249, whole genome shotgun sequence	Live	4932	Saccharomyces cerevisiae
scaffold-251	JRIV01000183.1	3668	0	Saccharomyces cerevisiae strain CEN.PK2-1Ca scaffold-251, whole genome shotgun sequence	Live	4932	Saccharomyces cerevisiae
scaffold-252	JRIV01000184.1	104032	0	Saccharomyces cerevisiae strain CEN.PK2-1Ca scaffold-252, whole genome shotgun sequence	Live	4932	Saccharomyces cerevisiae
scaffold-254	JRIV01000185.1	15031	0	Saccharomyces cerevisiae strain CEN.PK2-1Ca scaffold-254, whole genome shotgun sequence	Live	4932	Saccharomyces cerevisiae
scaffold-255	JRIV01000186.1	7194	0	Saccharomyces cerevisiae strain CEN.PK2-1Ca scaffold-255, whole genome shotgun sequence	Live	4932	Saccharomyces cerevisiae
scaffold-257	JRIV01000187.1	3083	0	Saccharomyces cerevisiae strain CEN.PK2-1Ca scaffold-257, whole genome shotgun sequence	Live	4932	Saccharomyces cerevisiae
scaffold-259	JRIV01000188.1	1393	0	Saccharomyces cerevisiae strain CEN.PK2-1Ca scaffold-259, whole genome shotgun sequence	Live	4932	Saccharomyces cerevisiae
scaffold-260	JRIV01000189.1	16562	0	Saccharomyces cerevisiae strain CEN.PK2-1Ca scaffold-260, whole genome shotgun sequence	Live	4932	Saccharomyces cerevisiae
scaffold-264	JRIV01000190.1	47438	0	Saccharomyces cerevisiae strain CEN.PK2-1Ca scaffold-264, whole genome shotgun sequence	Live	4932	Saccharomyces cerevisiae
scaffold-266	JRIV01000191.1	1840	0	Saccharomyces cerevisiae strain CEN.PK2-1Ca scaffold-266, whole genome shotgun sequence	Live	4932	Saccharomyces cerevisiae
scaffold-267	JRIV01000192.1	26469	0	Saccharomyces cerevisiae strain CEN.PK2-1Ca scaffold-267, whole genome shotgun sequence	Live	4932	Saccharomyces cerevisiae
scaffold-269	JRIV01000193.1	42444	0	Saccharomyces cerevisiae strain CEN.PK2-1Ca scaffold-269, whole genome shotgun sequence	Live	4932	Saccharomyces cerevisiae
scaffold-270	JRIV01000194.1	4608	0	Saccharomyces cerevisiae strain CEN.PK2-1Ca scaffold-270, whole genome shotgun sequence	Live	4932	Saccharomyces cerevisiae
scaffold-271	JRIV01000195.1	30590	0	Saccharomyces cerevisiae strain CEN.PK2-1Ca scaffold-271, whole genome shotgun sequence	Live	4932	Saccharomyces cerevisiae
scaffold-273	JRIV01000196.1	853	0	Saccharomyces cerevisiae strain CEN.PK2-1Ca scaffold-273, whole genome shotgun sequence	Live	4932	Saccharomyces cerevisiae
scaffold-275	JRIV01000197.1	53469	0	Saccharomyces cerevisiae strain CEN.PK2-1Ca scaffold-275, whole genome shotgun sequence	Live	4932	Saccharomyces cerevisiae
scaffold-276	JRIV01000198.1	3573	0	Saccharomyces cerevisiae strain CEN.PK2-1Ca scaffold-276, whole genome shotgun sequence	Live	4932	Saccharomyces cerevisiae
scaffold-279	JRIV01000199.1	19561	0	Saccharomyces cerevisiae strain CEN.PK2-1Ca scaffold-279, whole genome shotgun sequence	Live	4932	Saccharomyces cerevisiae
scaffold-280	JRIV01000200.1	158896	0	Saccharomyces cerevisiae strain CEN.PK2-1Ca scaffold-280, whole genome shotgun sequence	Live	4932	Saccharomyces cerevisiae
scaffold-281	JRIV01000201.1	298	0	Saccharomyces cerevisiae strain CEN.PK2-1Ca scaffold-281, whole genome shotgun sequence	Live	4932	Saccharomyces cerevisiae
scaffold-282	JRIV01000202.1	21012	0	Saccharomyces cerevisiae strain CEN.PK2-1Ca scaffold-282, whole genome shotgun sequence	Live	4932	Saccharomyces cerevisiae
scaffold-283	JRIV01000203.1	59824	0	Saccharomyces cerevisiae strain CEN.PK2-1Ca scaffold-283, whole genome shotgun sequence	Live	4932	Saccharomyces cerevisiae
scaffold-285	JRIV01000204.1	7015	0	Saccharomyces cerevisiae strain CEN.PK2-1Ca scaffold-285, whole genome shotgun sequence	Live	4932	Saccharomyces cerevisiae
scaffold-286	JRIV01000205.1	698	0	Saccharomyces cerevisiae strain CEN.PK2-1Ca scaffold-286, whole genome shotgun sequence	Live	4932	Saccharomyces cerevisiae
scaffold-288	JRIV01000206.1	1210	0	Saccharomyces cerevisiae strain CEN.PK2-1Ca scaffold-288, whole genome shotgun sequence	Live	4932	Saccharomyces cerevisiae
scaffold-291	JRIV01000207.1	57987	0	Saccharomyces cerevisiae strain CEN.PK2-1Ca scaffold-291, whole genome shotgun sequence	Live	4932	Saccharomyces cerevisiae
scaffold-292	JRIV01000208.1	3574	0	Saccharomyces cerevisiae strain CEN.PK2-1Ca scaffold-292, whole genome shotgun sequence	Live	4932	Saccharomyces cerevisiae
scaffold-293	JRIV01000209.1	414	0	Saccharomyces cerevisiae strain CEN.PK2-1Ca scaffold-293, whole genome shotgun sequence	Live	4932	Saccharomyces cerevisiae
scaffold-294	JRIV01000210.1	4816	0	Saccharomyces cerevisiae strain CEN.PK2-1Ca scaffold-294, whole genome shotgun sequence	Live	4932	Saccharomyces cerevisiae
scaffold-295	JRIV01000211.1	429	0	Saccharomyces cerevisiae strain CEN.PK2-1Ca scaffold-295, whole genome shotgun sequence	Live	4932	Saccharomyces cerevisiae
scaffold-296	JRIV01000212.1	378	0	Saccharomyces cerevisiae strain CEN.PK2-1Ca scaffold-296, whole genome shotgun sequence	Live	4932	Saccharomyces cerevisiae
scaffold-297	JRIV01000213.1	266150	0	Saccharomyces cerevisiae strain CEN.PK2-1Ca scaffold-297, whole genome shotgun sequence	Live	4932	Saccharomyces cerevisiae
scaffold-298	JRIV01000214.1	39137	0	Saccharomyces cerevisiae strain CEN.PK2-1Ca scaffold-298, whole genome shotgun sequence	Live	4932	Saccharomyces cerevisiae
scaffold-299	JRIV01000215.1	79605	0	Saccharomyces cerevisiae strain CEN.PK2-1Ca scaffold-299, whole genome shotgun sequence	Live	4932	Saccharomyces cerevisiae
scaffold-300	JRIV01000216.1	37046	0	Saccharomyces cerevisiae strain CEN.PK2-1Ca scaffold-300, whole genome shotgun sequence	Live	4932	Saccharomyces cerevisiae
scaffold-301	JRIV01000217.1	14833	0	Saccharomyces cerevisiae strain CEN.PK2-1Ca scaffold-301, whole genome shotgun sequence	Live	4932	Saccharomyces cerevisiae
scaffold-302	JRIV01000218.1	563	0	Saccharomyces cerevisiae strain CEN.PK2-1Ca scaffold-302, whole genome shotgun sequence	Live	4932	Saccharomyces cerevisiae
scaffold-303	JRIV01000219.1	230	0	Saccharomyces cerevisiae strain CEN.PK2-1Ca scaffold-303, whole genome shotgun sequence	Live	4932	Saccharomyces cerevisiae
scaffold-304	JRIV01000220.1	59884	0	Saccharomyces cerevisiae strain CEN.PK2-1Ca scaffold-304, whole genome shotgun sequence	Live	4932	Saccharomyces cerevisiae
scaffold-305	JRIV01000221.1	337	0	Saccharomyces cerevisiae strain CEN.PK2-1Ca scaffold-305, whole genome shotgun sequence	Live	4932	Saccharomyces cerevisiae
scaffold-306	JRIV01000222.1	20290	0	Saccharomyces cerevisiae strain CEN.PK2-1Ca scaffold-306, whole genome shotgun sequence	Live	4932	Saccharomyces cerevisiae
scaffold-307	JRIV01000223.1	230	0	Saccharomyces cerevisiae strain CEN.PK2-1Ca scaffold-307, whole genome shotgun sequence	Live	4932	Saccharomyces cerevisiae
scaffold-309	JRIV01000224.1	31161	0	Saccharomyces cerevisiae strain CEN.PK2-1Ca scaffold-309, whole genome shotgun sequence	Live	4932	Saccharomyces cerevisiae
scaffold-310	JRIV01000225.1	1406	0	Saccharomyces cerevisiae strain CEN.PK2-1Ca scaffold-310, whole genome shotgun sequence	Live	4932	Saccharomyces cerevisiae
scaffold-311	JRIV01000226.1	1312	0	Saccharomyces cerevisiae strain CEN.PK2-1Ca scaffold-311, whole genome shotgun sequence	Live	4932	Saccharomyces cerevisiae
scaffold-312	JRIV01000227.1	125617	0	Saccharomyces cerevisiae strain CEN.PK2-1Ca scaffold-312, whole genome shotgun sequence	Live	4932	Saccharomyces cerevisiae
unplaced-2	JRIV01000228.1	404	0	Saccharomyces cerevisiae strain CEN.PK2-1Ca unplaced-2, whole genome shotgun sequence	Live	4932	Saccharomyces cerevisiae
unplaced-3	JRIV01000229.1	311	0	Saccharomyces cerevisiae strain CEN.PK2-1Ca unplaced-3, whole genome shotgun sequence	Live	4932	Saccharomyces cerevisiae
unplaced-4	JRIV01000230.1	359	0	Saccharomyces cerevisiae strain CEN.PK2-1Ca unplaced-4, whole genome shotgun sequence	Live	4932	Saccharomyces cerevisiae
unplaced-5	JRIV01000231.1	586	0	Saccharomyces cerevisiae strain CEN.PK2-1Ca unplaced-5, whole genome shotgun sequence	Live	4932	Saccharomyces cerevisiae
unplaced-6	JRIV01000232.1	245	0	Saccharomyces cerevisiae strain CEN.PK2-1Ca unplaced-6, whole genome shotgun sequence	Live	4932	Saccharomyces cerevisiae
unplaced-7	JRIV01000233.1	331	0	Saccharomyces cerevisiae strain CEN.PK2-1Ca unplaced-7, whole genome shotgun sequence	Live	4932	Saccharomyces cerevisiae
unplaced-9	JRIV01000234.1	377	0	Saccharomyces cerevisiae strain CEN.PK2-1Ca unplaced-9, whole genome shotgun sequence	Live	4932	Saccharomyces cerevisiae
unplaced-10	JRIV01000235.1	2264	0	Saccharomyces cerevisiae strain CEN.PK2-1Ca unplaced-10, whole genome shotgun sequence	Live	4932	Saccharomyces cerevisiae
unplaced-11	JRIV01000236.1	225	0	Saccharomyces cerevisiae strain CEN.PK2-1Ca unplaced-11, whole genome shotgun sequence	Live	4932	Saccharomyces cerevisiae
unplaced-12	JRIV01000237.1	956	0	Saccharomyces cerevisiae strain CEN.PK2-1Ca unplaced-12, whole genome shotgun sequence	Live	4932	Saccharomyces cerevisiae
unplaced-13	JRIV01000238.1	956	0	Saccharomyces cerevisiae strain CEN.PK2-1Ca unplaced-13, whole genome shotgun sequence	Live	4932	Saccharomyces cerevisiae
unplaced-15	JRIV01000239.1	260	0	Saccharomyces cerevisiae strain CEN.PK2-1Ca unplaced-15, whole genome shotgun sequence	Live	4932	Saccharomyces cerevisiae
unplaced-16	JRIV01000240.1	1477	0	Saccharomyces cerevisiae strain CEN.PK2-1Ca unplaced-16, whole genome shotgun sequence	Live	4932	Saccharomyces cerevisiae
unplaced-17	JRIV01000241.1	412	0	Saccharomyces cerevisiae strain CEN.PK2-1Ca unplaced-17, whole genome shotgun sequence	Live	4932	Saccharomyces cerevisiae
unplaced-18	JRIV01000242.1	204	0	Saccharomyces cerevisiae strain CEN.PK2-1Ca unplaced-18, whole genome shotgun sequence	Live	4932	Saccharomyces cerevisiae
unplaced-19	JRIV01000243.1	405	0	Saccharomyces cerevisiae strain CEN.PK2-1Ca unplaced-19, whole genome shotgun sequence	Live	4932	Saccharomyces cerevisiae
unplaced-20	JRIV01000244.1	305	0	Saccharomyces cerevisiae strain CEN.PK2-1Ca unplaced-20, whole genome shotgun sequence	Live	4932	Saccharomyces cerevisiae
unplaced-24	JRIV01000245.1	3730	0	Saccharomyces cerevisiae strain CEN.PK2-1Ca unplaced-24, whole genome shotgun sequence	Live	4932	Saccharomyces cerevisiae
unplaced-26	JRIV01000246.1	5224	0	Saccharomyces cerevisiae strain CEN.PK2-1Ca unplaced-26, whole genome shotgun sequence	Live	4932	Saccharomyces cerevisiae
unplaced-27	JRIV01000247.1	620	0	Saccharomyces cerevisiae strain CEN.PK2-1Ca unplaced-27, whole genome shotgun sequence	Live	4932	Saccharomyces cerevisiae
unplaced-28	JRIV01000248.1	1353	0	Saccharomyces cerevisiae strain CEN.PK2-1Ca unplaced-28, whole genome shotgun sequence	Live	4932	Saccharomyces cerevisiae
unplaced-29	JRIV01000249.1	102908	0	Saccharomyces cerevisiae strain CEN.PK2-1Ca unplaced-29, whole genome shotgun sequence	Live	4932	Saccharomyces cerevisiae
unplaced-30	JRIV01000250.1	1010	0	Saccharomyces cerevisiae strain CEN.PK2-1Ca unplaced-30, whole genome shotgun sequence	Live	4932	Saccharomyces cerevisiae
unplaced-31	JRIV01000251.1	1068	0	Saccharomyces cerevisiae strain CEN.PK2-1Ca unplaced-31, whole genome shotgun sequence	Live	4932	Saccharomyces cerevisiae
unplaced-32	JRIV01000252.1	359	0	Saccharomyces cerevisiae strain CEN.PK2-1Ca unplaced-32, whole genome shotgun sequence	Live	4932	Saccharomyces cerevisiae
unplaced-33	JRIV01000253.1	536	0	Saccharomyces cerevisiae strain CEN.PK2-1Ca unplaced-33, whole genome shotgun sequence	Live	4932	Saccharomyces cerevisiae
unplaced-34	JRIV01000254.1	850	0	Saccharomyces cerevisiae strain CEN.PK2-1Ca unplaced-34, whole genome shotgun sequence	Live	4932	Saccharomyces cerevisiae
unplaced-35	JRIV01000255.1	4248	0	Saccharomyces cerevisiae strain CEN.PK2-1Ca unplaced-35, whole genome shotgun sequence	Live	4932	Saccharomyces cerevisiae
unplaced-36	JRIV01000256.1	1840	0	Saccharomyces cerevisiae strain CEN.PK2-1Ca unplaced-36, whole genome shotgun sequence	Live	4932	Saccharomyces cerevisiae
unplaced-37	JRIV01000257.1	594	0	Saccharomyces cerevisiae strain CEN.PK2-1Ca unplaced-37, whole genome shotgun sequence	Live	4932	Saccharomyces cerevisiae
unplaced-39	JRIV01000258.1	950	0	Saccharomyces cerevisiae strain CEN.PK2-1Ca unplaced-39, whole genome shotgun sequence	Live	4932	Saccharomyces cerevisiae
unplaced-40	JRIV01000259.1	1049	0	Saccharomyces cerevisiae strain CEN.PK2-1Ca unplaced-40, whole genome shotgun sequence	Live	4932	Saccharomyces cerevisiae
unplaced-41	JRIV01000260.1	1007	0	Saccharomyces cerevisiae strain CEN.PK2-1Ca unplaced-41, whole genome shotgun sequence	Live	4932	Saccharomyces cerevisiae
unplaced-42	JRIV01000261.1	847	0	Saccharomyces cerevisiae strain CEN.PK2-1Ca unplaced-42, whole genome shotgun sequence	Live	4932	Saccharomyces cerevisiae
unplaced-43	JRIV01000262.1	759	0	Saccharomyces cerevisiae strain CEN.PK2-1Ca unplaced-43, whole genome shotgun sequence	Live	4932	Saccharomyces cerevisiae
unplaced-45	JRIV01000263.1	465	0	Saccharomyces cerevisiae strain CEN.PK2-1Ca unplaced-45, whole genome shotgun sequence	Live	4932	Saccharomyces cerevisiae
unplaced-47	JRIV01000264.1	11387	0	Saccharomyces cerevisiae strain CEN.PK2-1Ca unplaced-47, whole genome shotgun sequence	Live	4932	Saccharomyces cerevisiae
unplaced-48	JRIV01000265.1	1726	0	Saccharomyces cerevisiae strain CEN.PK2-1Ca unplaced-48, whole genome shotgun sequence	Live	4932	Saccharomyces cerevisiae
unplaced-49	JRIV01000266.1	1412	0	Saccharomyces cerevisiae strain CEN.PK2-1Ca unplaced-49, whole genome shotgun sequence	Live	4932	Saccharomyces cerevisiae
unplaced-50	JRIV01000267.1	1765	0	Saccharomyces cerevisiae strain CEN.PK2-1Ca unplaced-50, whole genome shotgun sequence	Live	4932	Saccharomyces cerevisiae
unplaced-51	JRIV01000268.1	4262	0	Saccharomyces cerevisiae strain CEN.PK2-1Ca unplaced-51, whole genome shotgun sequence	Live	4932	Saccharomyces cerevisiae
unplaced-52	JRIV01000269.1	8911	0	Saccharomyces cerevisiae strain CEN.PK2-1Ca unplaced-52, whole genome shotgun sequence	Live	4932	Saccharomyces cerevisiae
unplaced-53	JRIV01000270.1	1136	0	Saccharomyces cerevisiae strain CEN.PK2-1Ca unplaced-53, whole genome shotgun sequence	Live	4932	Saccharomyces cerevisiae
unplaced-54	JRIV01000271.1	4941	0	Saccharomyces cerevisiae strain CEN.PK2-1Ca unplaced-54, whole genome shotgun sequence	Live	4932	Saccharomyces cerevisiae
unplaced-55	JRIV01000272.1	5757	0	Saccharomyces cerevisiae strain CEN.PK2-1Ca unplaced-55, whole genome shotgun sequence	Live	4932	Saccharomyces cerevisiae
unplaced-104	JRIV01000273.1	267	0	Saccharomyces cerevisiae strain CEN.PK2-1Ca unplaced-104, whole genome shotgun sequence	Live	4932	Saccharomyces cerevisiae
unplaced-129	JRIV01000274.1	479	0	Saccharomyces cerevisiae strain CEN.PK2-1Ca unplaced-129, whole genome shotgun sequence	Live	4932	Saccharomyces cerevisiae
unplaced-141	JRIV01000275.1	240	0	Saccharomyces cerevisiae strain CEN.PK2-1Ca unplaced-141, whole genome shotgun sequence	Live	4932	Saccharomyces cerevisiae
unplaced-152	JRIV01000276.1	278	0	Saccharomyces cerevisiae strain CEN.PK2-1Ca unplaced-152, whole genome shotgun sequence	Live	4932	Saccharomyces cerevisiae
unplaced-168	JRIV01000277.1	237	0	Saccharomyces cerevisiae strain CEN.PK2-1Ca unplaced-168, whole genome shotgun sequence	Live	4932	Saccharomyces cerevisiae
unplaced-176	JRIV01000278.1	329	0	Saccharomyces cerevisiae strain CEN.PK2-1Ca unplaced-176, whole genome shotgun sequence	Live	4932	Saccharomyces cerevisiae
unplaced-179	JRIV01000279.1	303	0	Saccharomyces cerevisiae strain CEN.PK2-1Ca unplaced-179, whole genome shotgun sequence	Live	4932	Saccharomyces cerevisiae
unplaced-209	JRIV01000280.1	344	0	Saccharomyces cerevisiae strain CEN.PK2-1Ca unplaced-209, whole genome shotgun sequence	Live	4932	Saccharomyces cerevisiae
unplaced-235	JRIV01000281.1	659	0	Saccharomyces cerevisiae strain CEN.PK2-1Ca unplaced-235, whole genome shotgun sequence	Live	4932	Saccharomyces cerevisiae
unplaced-276	JRIV01000282.1	473	0	Saccharomyces cerevisiae strain CEN.PK2-1Ca unplaced-276, whole genome shotgun sequence	Live	4932	Saccharomyces cerevisiae
unplaced-277	JRIV01000283.1	263	0	Saccharomyces cerevisiae strain CEN.PK2-1Ca unplaced-277, whole genome shotgun sequence	Live	4932	Saccharomyces cerevisiae
unplaced-289	JRIV01000284.1	221	0	Saccharomyces cerevisiae strain CEN.PK2-1Ca unplaced-289, whole genome shotgun sequence	Live	4932	Saccharomyces cerevisiae
unplaced-312	JRIV01000285.1	753	0	Saccharomyces cerevisiae strain CEN.PK2-1Ca unplaced-312, whole genome shotgun sequence	Live	4932	Saccharomyces cerevisiae
unplaced-332	JRIV01000286.1	387	0	Saccharomyces cerevisiae strain CEN.PK2-1Ca unplaced-332, whole genome shotgun sequence	Live	4932	Saccharomyces cerevisiae
unplaced-356	JRIV01000287.1	242	0	Saccharomyces cerevisiae strain CEN.PK2-1Ca unplaced-356, whole genome shotgun sequence	Live	4932	Saccharomyces cerevisiae
unplaced-370	JRIV01000288.1	217	0	Saccharomyces cerevisiae strain CEN.PK2-1Ca unplaced-370, whole genome shotgun sequence	Live	4932	Saccharomyces cerevisiae
unplaced-372	JRIV01000289.1	248	0	Saccharomyces cerevisiae strain CEN.PK2-1Ca unplaced-372, whole genome shotgun sequence	Live	4932	Saccharomyces cerevisiae
unplaced-373	JRIV01000290.1	244	0	Saccharomyces cerevisiae strain CEN.PK2-1Ca unplaced-373, whole genome shotgun sequence	Live	4932	Saccharomyces cerevisiae
unplaced-376	JRIV01000291.1	202	0	Saccharomyces cerevisiae strain CEN.PK2-1Ca unplaced-376, whole genome shotgun sequence	Live	4932	Saccharomyces cerevisiae
unplaced-393	JRIV01000292.1	535	0	Saccharomyces cerevisiae strain CEN.PK2-1Ca unplaced-393, whole genome shotgun sequence	Live	4932	Saccharomyces cerevisiae
unplaced-394	JRIV01000293.1	371	0	Saccharomyces cerevisiae strain CEN.PK2-1Ca unplaced-394, whole genome shotgun sequence	Live	4932	Saccharomyces cerevisiae
unplaced-409	JRIV01000294.1	211	0	Saccharomyces cerevisiae strain CEN.PK2-1Ca unplaced-409, whole genome shotgun sequence	Live	4932	Saccharomyces cerevisiae
unplaced-411	JRIV01000295.1	205	0	Saccharomyces cerevisiae strain CEN.PK2-1Ca unplaced-411, whole genome shotgun sequence	Live	4932	Saccharomyces cerevisiae
unplaced-413	JRIV01000296.1	225	0	Saccharomyces cerevisiae strain CEN.PK2-1Ca unplaced-413, whole genome shotgun sequence	Live	4932	Saccharomyces cerevisiae
unplaced-421	JRIV01000297.1	227	0	Saccharomyces cerevisiae strain CEN.PK2-1Ca unplaced-421, whole genome shotgun sequence	Live	4932	Saccharomyces cerevisiae
unplaced-443	JRIV01000298.1	228	0	Saccharomyces cerevisiae strain CEN.PK2-1Ca unplaced-443, whole genome shotgun sequence	Live	4932	Saccharomyces cerevisiae
unplaced-489	JRIV01000299.1	320	0	Saccharomyces cerevisiae strain CEN.PK2-1Ca unplaced-489, whole genome shotgun sequence	Live	4932	Saccharomyces cerevisiae
unplaced-495	JRIV01000300.1	383	0	Saccharomyces cerevisiae strain CEN.PK2-1Ca unplaced-495, whole genome shotgun sequence	Live	4932	Saccharomyces cerevisiae
unplaced-498	JRIV01000301.1	210	0	Saccharomyces cerevisiae strain CEN.PK2-1Ca unplaced-498, whole genome shotgun sequence	Live	4932	Saccharomyces cerevisiae
unplaced-500	JRIV01000302.1	842	0	Saccharomyces cerevisiae strain CEN.PK2-1Ca unplaced-500, whole genome shotgun sequence	Live	4932	Saccharomyces cerevisiae
unplaced-509	JRIV01000303.1	316	0	Saccharomyces cerevisiae strain CEN.PK2-1Ca unplaced-509, whole genome shotgun sequence	Live	4932	Saccharomyces cerevisiae
scaffold-0	JRIV01000304.1	218	0	Saccharomyces cerevisiae strain CEN.PK2-1Ca scaffold-0 mitochondrial, whole genome shotgun sequence	Live	4932	Saccharomyces cerevisiae
scaffold-107	JRIV01000305.1	1647	0	Saccharomyces cerevisiae strain CEN.PK2-1Ca scaffold-107 mitochondrial, whole genome shotgun sequence	Live	4932	Saccharomyces cerevisiae
scaffold-117	JRIV01000306.1	1058	0	Saccharomyces cerevisiae strain CEN.PK2-1Ca scaffold-117 mitochondrial, whole genome shotgun sequence	Live	4932	Saccharomyces cerevisiae
scaffold-120	JRIV01000307.1	282	0	Saccharomyces cerevisiae strain CEN.PK2-1Ca scaffold-120 mitochondrial, whole genome shotgun sequence	Live	4932	Saccharomyces cerevisiae
scaffold-122	JRIV01000308.1	339	0	Saccharomyces cerevisiae strain CEN.PK2-1Ca scaffold-122 mitochondrial, whole genome shotgun sequence	Live	4932	Saccharomyces cerevisiae
scaffold-14	JRIV01000309.1	1279	0	Saccharomyces cerevisiae strain CEN.PK2-1Ca scaffold-14 mitochondrial, whole genome shotgun sequence	Live	4932	Saccharomyces cerevisiae
scaffold-141	JRIV01000310.1	405	0	Saccharomyces cerevisiae strain CEN.PK2-1Ca scaffold-141 mitochondrial, whole genome shotgun sequence	Live	4932	Saccharomyces cerevisiae
scaffold-147	JRIV01000311.1	258	0	Saccharomyces cerevisiae strain CEN.PK2-1Ca scaffold-147 mitochondrial, whole genome shotgun sequence	Live	4932	Saccharomyces cerevisiae
scaffold-155	JRIV01000312.1	486	0	Saccharomyces cerevisiae strain CEN.PK2-1Ca scaffold-155 mitochondrial, whole genome shotgun sequence	Live	4932	Saccharomyces cerevisiae
scaffold-156	JRIV01000313.1	1313	0	Saccharomyces cerevisiae strain CEN.PK2-1Ca scaffold-156 mitochondrial, whole genome shotgun sequence	Live	4932	Saccharomyces cerevisiae
scaffold-16	JRIV01000314.1	1164	0	Saccharomyces cerevisiae strain CEN.PK2-1Ca scaffold-16 mitochondrial, whole genome shotgun sequence	Live	4932	Saccharomyces cerevisiae
scaffold-161	JRIV01000315.1	270	0	Saccharomyces cerevisiae strain CEN.PK2-1Ca scaffold-161 mitochondrial, whole genome shotgun sequence	Live	4932	Saccharomyces cerevisiae
scaffold-162	JRIV01000316.1	1303	0	Saccharomyces cerevisiae strain CEN.PK2-1Ca scaffold-162 mitochondrial, whole genome shotgun sequence	Live	4932	Saccharomyces cerevisiae
scaffold-164	JRIV01000317.1	518	0	Saccharomyces cerevisiae strain CEN.PK2-1Ca scaffold-164 mitochondrial, whole genome shotgun sequence	Live	4932	Saccharomyces cerevisiae
scaffold-181	JRIV01000318.1	333	0	Saccharomyces cerevisiae strain CEN.PK2-1Ca scaffold-181 mitochondrial, whole genome shotgun sequence	Live	4932	Saccharomyces cerevisiae
scaffold-185	JRIV01000319.1	316	0	Saccharomyces cerevisiae strain CEN.PK2-1Ca scaffold-185 mitochondrial, whole genome shotgun sequence	Live	4932	Saccharomyces cerevisiae
scaffold-192	JRIV01000320.1	392	0	Saccharomyces cerevisiae strain CEN.PK2-1Ca scaffold-192 mitochondrial, whole genome shotgun sequence	Live	4932	Saccharomyces cerevisiae
scaffold-207	JRIV01000321.1	253	0	Saccharomyces cerevisiae strain CEN.PK2-1Ca scaffold-207 mitochondrial, whole genome shotgun sequence	Live	4932	Saccharomyces cerevisiae
scaffold-215	JRIV01000322.1	740	0	Saccharomyces cerevisiae strain CEN.PK2-1Ca scaffold-215 mitochondrial, whole genome shotgun sequence	Live	4932	Saccharomyces cerevisiae
scaffold-222	JRIV01000323.1	409	0	Saccharomyces cerevisiae strain CEN.PK2-1Ca scaffold-222 mitochondrial, whole genome shotgun sequence	Live	4932	Saccharomyces cerevisiae
scaffold-226	JRIV01000324.1	497	0	Saccharomyces cerevisiae strain CEN.PK2-1Ca scaffold-226 mitochondrial, whole genome shotgun sequence	Live	4932	Saccharomyces cerevisiae
scaffold-231	JRIV01000325.1	797	0	Saccharomyces cerevisiae strain CEN.PK2-1Ca scaffold-231 mitochondrial, whole genome shotgun sequence	Live	4932	Saccharomyces cerevisiae
scaffold-236	JRIV01000326.1	286	0	Saccharomyces cerevisiae strain CEN.PK2-1Ca scaffold-236 mitochondrial, whole genome shotgun sequence	Live	4932	Saccharomyces cerevisiae
scaffold-24	JRIV01000327.1	362	0	Saccharomyces cerevisiae strain CEN.PK2-1Ca scaffold-24 mitochondrial, whole genome shotgun sequence	Live	4932	Saccharomyces cerevisiae
scaffold-247	JRIV01000328.1	277	0	Saccharomyces cerevisiae strain CEN.PK2-1Ca scaffold-247 mitochondrial, whole genome shotgun sequence	Live	4932	Saccharomyces cerevisiae
scaffold-250	JRIV01000329.1	557	0	Saccharomyces cerevisiae strain CEN.PK2-1Ca scaffold-250 mitochondrial, whole genome shotgun sequence	Live	4932	Saccharomyces cerevisiae
scaffold-256	JRIV01000330.1	591	0	Saccharomyces cerevisiae strain CEN.PK2-1Ca scaffold-256 mitochondrial, whole genome shotgun sequence	Live	4932	Saccharomyces cerevisiae
scaffold-258	JRIV01000331.1	348	0	Saccharomyces cerevisiae strain CEN.PK2-1Ca scaffold-258 mitochondrial, whole genome shotgun sequence	Live	4932	Saccharomyces cerevisiae
scaffold-262	JRIV01000332.1	373	0	Saccharomyces cerevisiae strain CEN.PK2-1Ca scaffold-262 mitochondrial, whole genome shotgun sequence	Live	4932	Saccharomyces cerevisiae
scaffold-263	JRIV01000333.1	376	0	Saccharomyces cerevisiae strain CEN.PK2-1Ca scaffold-263 mitochondrial, whole genome shotgun sequence	Live	4932	Saccharomyces cerevisiae
scaffold-265	JRIV01000334.1	703	0	Saccharomyces cerevisiae strain CEN.PK2-1Ca scaffold-265 mitochondrial, whole genome shotgun sequence	Live	4932	Saccharomyces cerevisiae
scaffold-272	JRIV01000335.1	385	0	Saccharomyces cerevisiae strain CEN.PK2-1Ca scaffold-272 mitochondrial, whole genome shotgun sequence	Live	4932	Saccharomyces cerevisiae
scaffold-274	JRIV01000336.1	490	0	Saccharomyces cerevisiae strain CEN.PK2-1Ca scaffold-274 mitochondrial, whole genome shotgun sequence	Live	4932	Saccharomyces cerevisiae
scaffold-284	JRIV01000337.1	1320	0	Saccharomyces cerevisiae strain CEN.PK2-1Ca scaffold-284 mitochondrial, whole genome shotgun sequence	Live	4932	Saccharomyces cerevisiae
scaffold-287	JRIV01000338.1	386	0	Saccharomyces cerevisiae strain CEN.PK2-1Ca scaffold-287 mitochondrial, whole genome shotgun sequence	Live	4932	Saccharomyces cerevisiae
scaffold-289	JRIV01000339.1	354	0	Saccharomyces cerevisiae strain CEN.PK2-1Ca scaffold-289 mitochondrial, whole genome shotgun sequence	Live	4932	Saccharomyces cerevisiae
scaffold-290	JRIV01000340.1	443	0	Saccharomyces cerevisiae strain CEN.PK2-1Ca scaffold-290 mitochondrial, whole genome shotgun sequence	Live	4932	Saccharomyces cerevisiae
scaffold-29	JRIV01000341.1	469	0	Saccharomyces cerevisiae strain CEN.PK2-1Ca scaffold-29 mitochondrial, whole genome shotgun sequence	Live	4932	Saccharomyces cerevisiae
scaffold-308	JRIV01000342.1	517	0	Saccharomyces cerevisiae strain CEN.PK2-1Ca scaffold-308 mitochondrial, whole genome shotgun sequence	Live	4932	Saccharomyces cerevisiae
scaffold-313	JRIV01000343.1	497	0	Saccharomyces cerevisiae strain CEN.PK2-1Ca scaffold-313 mitochondrial, whole genome shotgun sequence	Live	4932	Saccharomyces cerevisiae
scaffold-32	JRIV01000344.1	516	0	Saccharomyces cerevisiae strain CEN.PK2-1Ca scaffold-32 mitochondrial, whole genome shotgun sequence	Live	4932	Saccharomyces cerevisiae
scaffold-4	JRIV01000345.1	392	0	Saccharomyces cerevisiae strain CEN.PK2-1Ca scaffold-4 mitochondrial, whole genome shotgun sequence	Live	4932	Saccharomyces cerevisiae
scaffold-47	JRIV01000346.1	409	0	Saccharomyces cerevisiae strain CEN.PK2-1Ca scaffold-47 mitochondrial, whole genome shotgun sequence	Live	4932	Saccharomyces cerevisiae
scaffold-52	JRIV01000347.1	259	0	Saccharomyces cerevisiae strain CEN.PK2-1Ca scaffold-52 mitochondrial, whole genome shotgun sequence	Live	4932	Saccharomyces cerevisiae
scaffold-56	JRIV01000348.1	844	0	Saccharomyces cerevisiae strain CEN.PK2-1Ca scaffold-56 mitochondrial, whole genome shotgun sequence	Live	4932	Saccharomyces cerevisiae
scaffold-62	JRIV01000349.1	454	0	Saccharomyces cerevisiae strain CEN.PK2-1Ca scaffold-62 mitochondrial, whole genome shotgun sequence	Live	4932	Saccharomyces cerevisiae
scaffold-64	JRIV01000350.1	1254	0	Saccharomyces cerevisiae strain CEN.PK2-1Ca scaffold-64 mitochondrial, whole genome shotgun sequence	Live	4932	Saccharomyces cerevisiae
scaffold-72	JRIV01000351.1	361	0	Saccharomyces cerevisiae strain CEN.PK2-1Ca scaffold-72 mitochondrial, whole genome shotgun sequence	Live	4932	Saccharomyces cerevisiae
scaffold-81	JRIV01000352.1	1813	0	Saccharomyces cerevisiae strain CEN.PK2-1Ca scaffold-81 mitochondrial, whole genome shotgun sequence	Live	4932	Saccharomyces cerevisiae
scaffold-84	JRIV01000353.1	366	0	Saccharomyces cerevisiae strain CEN.PK2-1Ca scaffold-84 mitochondrial, whole genome shotgun sequence	Live	4932	Saccharomyces cerevisiae
unplaced-116	JRIV01000354.1	356	0	Saccharomyces cerevisiae strain CEN.PK2-1Ca unplaced-116 mitochondrial, whole genome shotgun sequence	Live	4932	Saccharomyces cerevisiae
unplaced-127	JRIV01000355.1	368	0	Saccharomyces cerevisiae strain CEN.PK2-1Ca unplaced-127 mitochondrial, whole genome shotgun sequence	Live	4932	Saccharomyces cerevisiae
unplaced-133	JRIV01000356.1	330	0	Saccharomyces cerevisiae strain CEN.PK2-1Ca unplaced-133 mitochondrial, whole genome shotgun sequence	Live	4932	Saccharomyces cerevisiae
unplaced-215	JRIV01000357.1	1101	0	Saccharomyces cerevisiae strain CEN.PK2-1Ca unplaced-215 mitochondrial, whole genome shotgun sequence	Live	4932	Saccharomyces cerevisiae
unplaced-225	JRIV01000358.1	909	0	Saccharomyces cerevisiae strain CEN.PK2-1Ca unplaced-225 mitochondrial, whole genome shotgun sequence	Live	4932	Saccharomyces cerevisiae
unplaced-230	JRIV01000359.1	3049	0	Saccharomyces cerevisiae strain CEN.PK2-1Ca unplaced-230 mitochondrial, whole genome shotgun sequence	Live	4932	Saccharomyces cerevisiae
unplaced-248	JRIV01000360.1	323	0	Saccharomyces cerevisiae strain CEN.PK2-1Ca unplaced-248 mitochondrial, whole genome shotgun sequence	Live	4932	Saccharomyces cerevisiae
unplaced-25	JRIV01000361.1	2426	0	Saccharomyces cerevisiae strain CEN.PK2-1Ca unplaced-25 mitochondrial, whole genome shotgun sequence	Live	4932	Saccharomyces cerevisiae
unplaced-257	JRIV01000362.1	227	0	Saccharomyces cerevisiae strain CEN.PK2-1Ca unplaced-257 mitochondrial, whole genome shotgun sequence	Live	4932	Saccharomyces cerevisiae
unplaced-259	JRIV01000363.1	1511	0	Saccharomyces cerevisiae strain CEN.PK2-1Ca unplaced-259 mitochondrial, whole genome shotgun sequence	Live	4932	Saccharomyces cerevisiae
unplaced-268	JRIV01000364.1	229	0	Saccharomyces cerevisiae strain CEN.PK2-1Ca unplaced-268 mitochondrial, whole genome shotgun sequence	Live	4932	Saccharomyces cerevisiae
unplaced-275	JRIV01000365.1	5284	0	Saccharomyces cerevisiae strain CEN.PK2-1Ca unplaced-275 mitochondrial, whole genome shotgun sequence	Live	4932	Saccharomyces cerevisiae
unplaced-292	JRIV01000366.1	725	0	Saccharomyces cerevisiae strain CEN.PK2-1Ca unplaced-292 mitochondrial, whole genome shotgun sequence	Live	4932	Saccharomyces cerevisiae
unplaced-303	JRIV01000367.1	593	0	Saccharomyces cerevisiae strain CEN.PK2-1Ca unplaced-303 mitochondrial, whole genome shotgun sequence	Live	4932	Saccharomyces cerevisiae
unplaced-330	JRIV01000368.1	253	0	Saccharomyces cerevisiae strain CEN.PK2-1Ca unplaced-330 mitochondrial, whole genome shotgun sequence	Live	4932	Saccharomyces cerevisiae
unplaced-335	JRIV01000369.1	2883	0	Saccharomyces cerevisiae strain CEN.PK2-1Ca unplaced-335 mitochondrial, whole genome shotgun sequence	Live	4932	Saccharomyces cerevisiae
unplaced-353	JRIV01000370.1	2135	0	Saccharomyces cerevisiae strain CEN.PK2-1Ca unplaced-353 mitochondrial, whole genome shotgun sequence	Live	4932	Saccharomyces cerevisiae
unplaced-361	JRIV01000371.1	371	0	Saccharomyces cerevisiae strain CEN.PK2-1Ca unplaced-361 mitochondrial, whole genome shotgun sequence	Live	4932	Saccharomyces cerevisiae
unplaced-38	JRIV01000372.1	774	0	Saccharomyces cerevisiae strain CEN.PK2-1Ca unplaced-38 mitochondrial, whole genome shotgun sequence	Live	4932	Saccharomyces cerevisiae
unplaced-383	JRIV01000373.1	847	0	Saccharomyces cerevisiae strain CEN.PK2-1Ca unplaced-383 mitochondrial, whole genome shotgun sequence	Live	4932	Saccharomyces cerevisiae
unplaced-392	JRIV01000374.1	217	0	Saccharomyces cerevisiae strain CEN.PK2-1Ca unplaced-392 mitochondrial, whole genome shotgun sequence	Live	4932	Saccharomyces cerevisiae
unplaced-397	JRIV01000375.1	394	0	Saccharomyces cerevisiae strain CEN.PK2-1Ca unplaced-397 mitochondrial, whole genome shotgun sequence	Live	4932	Saccharomyces cerevisiae
unplaced-425	JRIV01000376.1	1969	0	Saccharomyces cerevisiae strain CEN.PK2-1Ca unplaced-425 mitochondrial, whole genome shotgun sequence	Live	4932	Saccharomyces cerevisiae
unplaced-426	JRIV01000377.1	528	0	Saccharomyces cerevisiae strain CEN.PK2-1Ca unplaced-426 mitochondrial, whole genome shotgun sequence	Live	4932	Saccharomyces cerevisiae
unplaced-441	JRIV01000378.1	375	0	Saccharomyces cerevisiae strain CEN.PK2-1Ca unplaced-441 mitochondrial, whole genome shotgun sequence	Live	4932	Saccharomyces cerevisiae
unplaced-454	JRIV01000379.1	221	0	Saccharomyces cerevisiae strain CEN.PK2-1Ca unplaced-454 mitochondrial, whole genome shotgun sequence	Live	4932	Saccharomyces cerevisiae
unplaced-458	JRIV01000380.1	360	0	Saccharomyces cerevisiae strain CEN.PK2-1Ca unplaced-458 mitochondrial, whole genome shotgun sequence	Live	4932	Saccharomyces cerevisiae
unplaced-46	JRIV01000381.1	667	0	Saccharomyces cerevisiae strain CEN.PK2-1Ca unplaced-46 mitochondrial, whole genome shotgun sequence	Live	4932	Saccharomyces cerevisiae
unplaced-472	JRIV01000382.1	304	0	Saccharomyces cerevisiae strain CEN.PK2-1Ca unplaced-472 mitochondrial, whole genome shotgun sequence	Live	4932	Saccharomyces cerevisiae
unplaced-476	JRIV01000383.1	2364	0	Saccharomyces cerevisiae strain CEN.PK2-1Ca unplaced-476 mitochondrial, whole genome shotgun sequence	Live	4932	Saccharomyces cerevisiae
unplaced-486	JRIV01000384.1	230	0	Saccharomyces cerevisiae strain CEN.PK2-1Ca unplaced-486 mitochondrial, whole genome shotgun sequence	Live	4932	Saccharomyces cerevisiae
unplaced-490	JRIV01000385.1	8071	0	Saccharomyces cerevisiae strain CEN.PK2-1Ca unplaced-490 mitochondrial, whole genome shotgun sequence	Live	4932	Saccharomyces cerevisiae
unplaced-507	JRIV01000386.1	1500	0	Saccharomyces cerevisiae strain CEN.PK2-1Ca unplaced-507 mitochondrial, whole genome shotgun sequence	Live	4932	Saccharomyces cerevisiae
unplaced-514	JRIV01000387.1	335	0	Saccharomyces cerevisiae strain CEN.PK2-1Ca unplaced-514 mitochondrial, whole genome shotgun sequence	Live	4932	Saccharomyces cerevisiae
unplaced-528	JRIV01000388.1	342	0	Saccharomyces cerevisiae strain CEN.PK2-1Ca unplaced-528 mitochondrial, whole genome shotgun sequence	Live	4932	Saccharomyces cerevisiae
unplaced-92	JRIV01000389.1	1297	0	Saccharomyces cerevisiae strain CEN.PK2-1Ca unplaced-92 mitochondrial, whole genome shotgun sequence	Live	4932	Saccharomyces cerevisiae
