address,addqz,xyqz,fxqy
浙江杭州,4,177,点击查看详情
浙江金华,4,85,点击查看详情
广东广州,3,201,点击查看详情
北京石景山,1,4,点击查看详情
北京丰台,1,131,点击查看详情
内蒙古呼伦贝尔,1,35,点击查看详情
北京海淀,2,91,点击查看详情
北京东城,1,37,点击查看详情
北京顺义,6,28,点击查看详情
北京房山,11,64,点击查看详情
北京朝阳,3,224,点击查看详情
北京通州,5,28,点击查看详情
上海普陀,24,927,点击查看详情
浙江衢州,1,92,点击查看详情
上海黄浦,135,2279,点击查看详情
上海宝山,52,1378,点击查看详情
河南洛阳,1,4,点击查看详情
吉林长春,52,1950,点击查看详情
河南安阳,1,28,点击查看详情
上海杨浦,60,1201,点击查看详情
上海虹口,68,1737,点击查看详情
陕西杨凌,1,2,点击查看详情
上海嘉定,13,617,点击查看详情
江苏盐城,1,39,点击查看详情
浙江绍兴,1,18,点击查看详情
上海金山,10,18,点击查看详情
浙江宁波,1,61,点击查看详情
河南郑州,2,21,点击查看详情
上海闵行,51,2511,点击查看详情
北京大兴,1,36,点击查看详情
江苏宿迁,1,13,点击查看详情
上海长宁,19,1096,点击查看详情
上海松江,52,770,点击查看详情
上海浦东,534,4181,点击查看详情
上海徐汇,212,2297,点击查看详情
河北保定,2,18,点击查看详情
上海崇明,26,332,点击查看详情
江西赣州,1,1,点击查看详情
吉林吉林,1,145,点击查看详情
吉林白城,1,23,点击查看详情
山东济南,8,27,点击查看详情
上海静安,32,1463,点击查看详情
黑龙江哈尔滨,11,388,点击查看详情
青海西宁,1,43,点击查看详情
上海青浦,4,707,点击查看详情
江西上饶,9,162,全部低风险
吉林延边,2,34,点击查看详情
江苏徐州,0,69,点击查看详情
浙江舟山,0,10,点击查看详情
浙江湖州,0,26,点击查看详情
北京昌平,0,25,点击查看详情
江苏苏州,0,23,点击查看详情
上海奉贤,0,110,点击查看详情
山东烟台,0,5,点击查看详情
山西太原,0,36,点击查看详情
河南信阳,0,8,点击查看详情
湖南邵阳,0,46,点击查看详情
河北唐山,0,19,点击查看详情
江西南昌,0,107,点击查看详情
内蒙古包头,0,3,点击查看详情
浙江温州,0,8,点击查看详情
河南濮阳,0,8,点击查看详情
河南周口,0,81,点击查看详情
四川成都,0,28,点击查看详情
湖南长沙,0,2,点击查看详情
福建宁德,0,50,点击查看详情
北京西城,0,64,点击查看详情
江苏无锡,0,13,点击查看详情
山东德州,0,3,点击查看详情
湖北武汉,0,4,点击查看详情
辽宁沈阳,0,90,点击查看详情
云南红河,0,29,点击查看详情
河北秦皇岛,0,12,点击查看详情
浙江嘉兴,0,126,点击查看详情
福建厦门,0,27,点击查看详情
安徽宣城,0,2,点击查看详情
江苏淮安,0,4,点击查看详情
云南昆明,0,10,点击查看详情
云南西双版纳州,0,6,点击查看详情
陕西西安,0,41,点击查看详情
河北衡水,0,1,点击查看详情
山东青岛,0,8,点击查看详情
河南漯河,0,8,点击查看详情
江苏南京,0,32,点击查看详情
四川广安,0,2,点击查看详情
山西朔州,0,8,点击查看详情
河南许昌,0,1,全部低风险
广东深圳,0,603,点击查看详情
安徽合肥,0,1,点击查看详情
贵州贵阳,0,1,点击查看详情
内蒙古赤峰,0,1,点击查看详情
吉林松原,0,1,点击查看详情
广东汕头,0,1,点击查看详情
广东韶关,0,2,点击查看详情
陕西渭南,0,3,全部低风险
吉林四平,0,12,点击查看详情
海南三亚,0,71,点击查看详情
云南文山州,0,7,点击查看详情
福建泉州,0,8,点击查看详情
河北邯郸,0,23,点击查看详情
安徽滁州,0,2,点击查看详情
黑龙江牡丹江,0,9,点击查看详情
天津西青区,0,188,点击查看详情
湖北黄冈,0,1,点击查看详情
辽宁阜新,0,2,点击查看详情
江苏连云港,0,2,点击查看详情
广东中山,0,11,点击查看详情
吉林辽源,0,1,点击查看详情
广东湛江,0,3,点击查看详情
浙江丽水,0,4,点击查看详情
广东佛山,0,4,点击查看详情
江苏镇江,0,12,点击查看详情
广西百色,0,4,点击查看详情
四川遂宁,0,1,点击查看详情
四川乐山,0,4,点击查看详情
海南海口,0,10,点击查看详情
广东茂名,0,7,点击查看详情
天津河北区,0,39,点击查看详情
广东肇庆,0,8,点击查看详情
辽宁鞍山,0,5,点击查看详情
海南儋州,0,2,点击查看详情
广东珠海,0,30,点击查看详情
海南琼海,0,5,点击查看详情
安徽淮南,0,1,点击查看详情
陕西宝鸡,0,21,点击查看详情
湖南衡阳,0,5,点击查看详情
天津南开区,0,30,点击查看详情
山东日照,0,4,点击查看详情
浙江台州,0,2,点击查看详情
河南商丘,0,2,点击查看详情
天津河东区,0,15,点击查看详情
福建漳州,0,17,点击查看详情
辽宁大连,0,17,点击查看详情
辽宁营口,0,83,点击查看详情
广东东莞,0,102,点击查看详情
河北廊坊,0,139,点击查看详情
天津静海区,0,11,点击查看详情
湖南湘西自治州,0,1,点击查看详情
江苏泰州,0,9,点击查看详情
福建莆田,0,47,点击查看详情
海南万宁,0,1,点击查看详情
山东枣庄,0,1,点击查看详情
天津东丽区,0,27,点击查看详情
辽宁葫芦岛,0,19,点击查看详情
山东滨州,0,13,点击查看详情
江苏常州,0,30,点击查看详情
天津河西区,0,18,点击查看详情
辽宁铁岭,0,2,点击查看详情
广东汕尾,0,2,点击查看详情
天津北辰区,0,16,点击查看详情
辽宁锦州,0,1,点击查看详情
天津滨海新区,0,64,点击查看详情
天津红桥区,0,29,点击查看详情
云南临沧,0,12,点击查看详情
河南开封,0,4,点击查看详情
河北定州,0,1,点击查看详情
天津宁河区,0,2,点击查看详情
河北石家庄,0,1,点击查看详情
福建福州,0,2,点击查看详情
河北沧州,0,77,点击查看详情
天津武清区,0,149,点击查看详情
陕西铜川,0,16,点击查看详情
湖南永州,0,1,点击查看详情
山东临沂,0,6,点击查看详情
天津津南区,0,20,点击查看详情
天津宝坻区,0,6,点击查看详情
陕西咸阳,0,4,点击查看详情
福建三明,0,1,点击查看详情
北京门头沟,0,2,点击查看详情
广东阳江,0,1,点击查看详情
云南保山市,0,2,点击查看详情
广东惠州,0,8,点击查看详情
广东河源,0,2,点击查看详情
江苏南通,0,1,点击查看详情
广东云浮,0,7,点击查看详情
广东梅州,0,1,点击查看详情
北京怀柔,0,4,点击查看详情
